,Woman,Man
Too generic,0.19148936170212766,0.2706645056726094
Off topic comments,0.1595744680851064,0.14100486223662884
Grammar,0.16666666666666666,0.1280388978930308
Too scripted,0.13652482269503546,0.1312803889789303
Word choice,0.1400709219858156,0.10210696920583469
None,0.09219858156028368,0.11345218800648298
Personalization,0.10815602836879433,0.07941653160453808
Tone,0.06914893617021277,0.10372771474878444
Interaction with others,0.09042553191489362,0.07617504051863858
Image usage,0.04964539007092199,0.04376012965964344
Sentence length,0.03546099290780142,0.055105348460291734
Too realistic,0.03368794326241135,0.02593192868719611
Typing habits,0.02304964539007092,0.03403565640194489
Too inflammatory,0.031914893617021274,0.017828200972447326
Emoji usage,0.030141843971631204,0.019448946515397084
